{
    "episode": 18,
    "scores": [
        -19.0,
        -18.0,
        -20.0,
        -21.0,
        -20.0,
        -20.0,
        -21.0,
        -21.0,
        -19.0,
        -21.0,
        -21.0,
        -20.0,
        -21.0,
        -21.0,
        -20.0,
        -20.0,
        -21.0,
        -21.0,
        -20.0
    ],
    "eps_history": [
        0.999465500000044,
        0.998845000000095,
        0.9984250000001296,
        0.9979670000001672,
        0.9974205000002122,
        0.9969685000002494,
        0.9965555000002834,
        0.9960720000003231,
        0.9955520000003659,
        0.9951265000004009,
        0.9947175000004346,
        0.9942490000004731,
        0.9938070000005095,
        0.9933070000005506,
        0.9927405000005972,
        0.9922680000006361,
        0.9918250000006725,
        0.9913705000007099,
        0.9909110000007477
    ],
    "steps_array": [
        1100,
        2341,
        3181,
        4097,
        5190,
        6094,
        6920,
        7887,
        8927,
        9778,
        10596,
        11533,
        12417,
        13417,
        14550,
        15495,
        16381,
        17290,
        18209
    ],
    "n_steps": 18209,
    "epsilon": 0.9909110000007477,
    "best_score": -18.5
}