{
    "episode": 1,
    "scores": [
        -21.0,
        -21.0
    ],
    "eps_history": [
        0.9996055000000325,
        0.9991060000000735
    ],
    "steps_array": [
        820,
        1819
    ],
    "n_steps": 1819,
    "epsilon": 0.9991060000000735,
    "best_score": -21.0
}